{"noiseKey":{"private":{"type":"Buffer","data":"sC+ABpkUoZVBygrjrm1NPK7E3JPacb//vbpMcoau9nc="},"public":{"type":"Buffer","data":"5RWnS+nFtlZRyiD/ZwObZlRW0W/csmo8oeMW3/euPjo="}},"pairingEphemeralKeyPair":{"private":{"type":"Buffer","data":"2Nm972UwfdHjvmB4E+1BLusJl9n4LqI2wDeWOlB581o="},"public":{"type":"Buffer","data":"5yIe3Ub75kriIQR7Ycx64jtRgfKvwFVjDz1RpqWX5Bc="}},"signedIdentityKey":{"private":{"type":"Buffer","data":"EKFNbzE3gknMCm6o2gAdGxfn2aA4P5ML6Qd2Au0IK1M="},"public":{"type":"Buffer","data":"5xtC09I80SwyGjev7MxALgl4Zb/yCpVuelXZpFUrslE="}},"signedPreKey":{"keyPair":{"private":{"type":"Buffer","data":"6DMLjJh4LhC7/ZfhElSmEHxr99krmB1+BoTHjzaAtkw="},"public":{"type":"Buffer","data":"Uz98AZXfDNRSsdNmckSErNYU+VAtNzufY/9ugYiPtRA="}},"signature":{"type":"Buffer","data":"ICStMbnH8KMVRrG3pfLqJ27DqMPWzuipbMP3R71MSCn6GAfI32I24qf1Nc0MFmn7HcP/MhqzyuM0UkOnNLIoiQ=="},"keyId":1},"registrationId":83,"advSecretKey":"4O/ZR+ITchzNjcKKKZgafkZSZrsifgkB0Woiy1TA7jw=","processedHistoryMessages":[],"nextPreKeyId":31,"firstUnuploadedPreKeyId":31,"accountSyncCounter":0,"accountSettings":{"unarchiveChats":false},"deviceId":"omZyq_93TgWQw-OUEvOYiA","phoneId":"f9477dfd-ce4f-424e-92e8-902a92065c6c","identityId":{"type":"Buffer","data":"VA3eDs8bRNqswrl2Jlf4vU2QLgw="},"registered":false,"backupToken":{"type":"Buffer","data":"KX/LjKkv1WtTdarUxu8rkOrTsM4="},"registration":{},"account":{"details":"CJWj+I8EENymxKwGGAc=","accountSignatureKey":"pAzu3vlDfKEAqQJC3vEe0n+Te+22TIe1fzwNzee2tmw=","accountSignature":"L44AqcoVElURVmWtILgHdg+vLfc55ACX01Nuvq9M/lL/v3VAcP2ZBRfev1g0MSxbVbpwdJZU6vWDLJH+Q/nPDQ==","deviceSignature":"oRaa5zTJYrrdosTisjeU0BhjxcbySXMRkiiysXZud+yJx3E5LzdsLz+Y3mQMoy78l1xvz8Tgn4zxulnTOucSgw=="},"me":{"id":"923237237706:28@s.whatsapp.net","name":"꧁⚔️♚A͒s͒i͒f͒ 𓃮j͒u͒t͒t͒ ♚⚔️꧂"},"signalIdentities":[{"identifier":{"name":"923237237706:28@s.whatsapp.net","deviceId":0},"identifierKey":{"type":"Buffer","data":"BaQM7t75Q3yhAKkCQt7xHtJ/k3vttkyHtX88Dc3ntrZs"}}],"platform":"android","lastAccountSyncTimestamp":1704006494,"myAppStateKeyId":"AAAAAFkR"}