{"_sessions":{"BYxINVsV41nIcRPBHzfhmpHVQdNnoGwJ06ze9TDzkXZs":{"registrationId":1919638471,"currentRatchet":{"ephemeralKeyPair":{"pubKey":"BZMJ45t+mmwUsgOG36irKRmMBM8LragNFJ5p3AxEhH16","privKey":"kOR0QCrOqxT0NjP/I8Hg3B6VH9/3S4ILqEjt5N2aTnc="},"lastRemoteEphemeralKey":"BWsWcXkLMQUkx6tSpnEKj2fUPN7PBFotalrS00HsNyFB","previousCounter":0,"rootKey":"Rvjqjkeub9EbHwnKtgj8G9Bt7XB6vsisABBVYz7xvUA="},"indexInfo":{"baseKey":"BYxINVsV41nIcRPBHzfhmpHVQdNnoGwJ06ze9TDzkXZs","baseKeyType":2,"closed":-1,"used":1704006496642,"created":1704006496642,"remoteIdentityKey":"BaQM7t75Q3yhAKkCQt7xHtJ/k3vttkyHtX88Dc3ntrZs"},"_chains":{"BWsWcXkLMQUkx6tSpnEKj2fUPN7PBFotalrS00HsNyFB":{"chainKey":{"counter":1,"key":"0o8Ziuhim6ErQAnAbMdIVw/dPtzAc7BP3FoDVnhZuqI="},"chainType":2,"messageKeys":{}},"BZMJ45t+mmwUsgOG36irKRmMBM8LragNFJ5p3AxEhH16":{"chainKey":{"counter":3,"key":"DCpKe/rqRJ1hH7AvTLFrofP3WbqlyhVkf9anD0Xnf+0="},"chainType":1,"messageKeys":{}}}}},"version":"v1"}