{"_sessions":{"BY4u5ndI8YNBJ4kDnEZ+l6gyIyQj2mr2HwALDImv7U0a":{"registrationId":3,"currentRatchet":{"ephemeralKeyPair":{"pubKey":"BeV9MBwaPQ5HX2MlsLbZX4aWerg16fywBbzG8+MhPkF4","privKey":"0AsInG3iIACId0zp2ol+zZoNaDL0xgpavMR/ogoOiEE="},"lastRemoteEphemeralKey":"BfcF0xkG+y29SPK4FhjADKviiQECKLsPEfkcMNh+MqRo","previousCounter":0,"rootKey":"AtA9FQCYjyN0Shkrkt91Hp6XEC/zDgTdA4FutoPsP2k="},"indexInfo":{"baseKey":"BY4u5ndI8YNBJ4kDnEZ+l6gyIyQj2mr2HwALDImv7U0a","baseKeyType":1,"closed":-1,"used":1704006506699,"created":1704006506699,"remoteIdentityKey":"BcbdC+x0sx1hwvv07DZ1JYbKoFS0dixFYXhH6axPEMJy"},"_chains":{"BeV9MBwaPQ5HX2MlsLbZX4aWerg16fywBbzG8+MhPkF4":{"chainKey":{"counter":1,"key":"Q8/itqBSeVki73CoZTGPblspBONXIydGQq5E5Mqb5zE="},"chainType":1,"messageKeys":{}}},"pendingPreKey":{"signedKeyId":1,"baseKey":"BY4u5ndI8YNBJ4kDnEZ+l6gyIyQj2mr2HwALDImv7U0a"}}},"version":"v1"}